{
  "version": 2,
  "id": "cultural-or-religious-difference",
  "title": "Cultural or Religious Difference",
  "tags": [
    "traditions",
    "respect",
    "planning"
  ],
  "difficulty": "normal",
  "meters": {
    "trust": {
      "label": "Trust",
      "start": 50,
      "min": 0,
      "max": 100
    },
    "tension": {
      "label": "Tension",
      "start": 22,
      "min": 0,
      "max": 100
    },
    "childStress": {
      "label": "Child Stress",
      "start": 10,
      "min": 0,
      "max": 100
    }
  },
  "acts": [
    {
      "title": "Act 1 — Upcoming Holiday",
      "steps": [
        {
          "id": "a1s1",
          "text": "A holiday with strong cultural meaning is approaching. Each home celebrates differently."
        },
        {
          "id": "a1s2",
          "text": "You draft a plan.",
          "choices": [
            {
              "label": "Alternate years and share schedule now",
              "effects": {
                "trust": 4,
                "tension": -3
              },
              "to": "a1s3"
            },
            {
              "label": "Split the day between homes",
              "effects": {
                "trust": 2
              },
              "to": "a1s3"
            },
            {
              "label": "Insist your way is the right way",
              "effects": {
                "tension": 7,
                "childStress": 5
              },
              "to": "a1s3"
            }
          ]
        },
        {
          "id": "a1s3",
          "text": "Your message sets the tone."
        }
      ]
    },
    {
      "title": "Act 2 — Symbols & Food",
      "steps": [
        {
          "id": "a2s1",
          "text": "Your child asks questions about ceremonies, symbols, and what’s ‘allowed’ in each home."
        },
        {
          "id": "a2s2",
          "text": "You decide how to talk about differences.",
          "choices": [
            {
              "label": "Explain respectfully: 'Different homes, shared values of care.'",
              "effects": {
                "trust": 3,
                "childStress": -2
              },
              "to": "a2s3"
            },
            {
              "label": "Contrast critically",
              "effects": {
                "tension": 5,
                "childStress": 4
              },
              "to": "a2s3"
            }
          ]
        },
        {
          "id": "a2s3",
          "text": "Your child internalizes your framing."
        }
      ]
    },
    {
      "title": "Act 3 — Keepsakes",
      "steps": [
        {
          "id": "a3s1",
          "text": "The child wants to bring a keepsake between homes."
        },
        {
          "id": "a3s2",
          "text": "Decide on the boundary.",
          "choices": [
            {
              "label": "Allow with care instructions and respect",
              "effects": {
                "trust": 2,
                "tension": -2
              },
              "to": "a3s3"
            },
            {
              "label": "Disallow; keep items in one home",
              "effects": {
                "tension": 2
              },
              "to": "a3s3"
            }
          ]
        },
        {
          "id": "a3s3",
          "text": "You close the holiday plan."
        }
      ]
    }
  ]
}