{
  "version": 2,
  "id": "step-parenting-conflicts",
  "title": "Step-Parenting Conflicts",
  "tags": [
    "consistency",
    "roles",
    "communication"
  ],
  "difficulty": "normal",
  "meters": {
    "trust": {
      "label": "Trust",
      "start": 52,
      "min": 0,
      "max": 100
    },
    "tension": {
      "label": "Tension",
      "start": 25,
      "min": 0,
      "max": 100
    },
    "childStress": {
      "label": "Child Stress",
      "start": 12,
      "min": 0,
      "max": 100
    }
  },
  "acts": [
    {
      "title": "Act 1 — Mixed Messages",
      "steps": [
        {
          "id": "a1s1",
          "text": "Your partner (the step-parent) introduces a new homework rule that clashes with the one you agreed to with your ex."
        },
        {
          "id": "a1s2",
          "text": "Your child looks confused about which rule to follow.",
          "choices": [
            {
              "label": "Align privately with your partner first",
              "effects": {
                "trust": 3,
                "tension": -2
              },
              "to": "a1s3"
            },
            {
              "label": "Correct your partner in front of the child",
              "effects": {
                "tension": 6,
                "childStress": 4
              },
              "to": "a1s3"
            },
            {
              "label": "Let it slide tonight; plan a talk later",
              "effects": {
                "trust": 1
              },
              "to": "a1s3"
            }
          ]
        },
        {
          "id": "a1s3",
          "text": "You choose how to manage the mismatch in the moment."
        }
      ]
    },
    {
      "title": "Act 2 — Co-Parent Sync",
      "steps": [
        {
          "id": "a2s1",
          "text": "You prepare a message to your ex to keep rules consistent across homes."
        },
        {
          "id": "a2s2",
          "text": "Pick your tone.",
          "choices": [
            {
              "label": "Neutral: 'We noticed X; can we agree on Y?'",
              "effects": {
                "trust": 4,
                "tension": -3
              },
              "to": "a2s3"
            },
            {
              "label": "Directive: 'We’re doing it this way now.'",
              "effects": {
                "tension": 5
              },
              "to": "a2s3"
            },
            {
              "label": "Avoid: Say nothing",
              "effects": {
                "childStress": 3
              },
              "to": "a2s3"
            }
          ]
        },
        {
          "id": "a2s3",
          "text": "Your ex responds based on your tone."
        }
      ]
    },
    {
      "title": "Act 3 — Family Debrief",
      "steps": [
        {
          "id": "a3s1",
          "text": "You and your partner debrief privately about roles and who enforces what."
        },
        {
          "id": "a3s2",
          "text": "Decide how to frame it to your child.",
          "choices": [
            {
              "label": "Unified message and clear who decides what",
              "effects": {
                "trust": 3,
                "childStress": -3
              },
              "to": "a3s3"
            },
            {
              "label": "Leave it fuzzy",
              "effects": {
                "childStress": 4
              },
              "to": "a3s3"
            }
          ]
        },
        {
          "id": "a3s3",
          "text": "The path you pick shapes tomorrow’s routine."
        }
      ]
    }
  ]
}