[
  {
    "id": "step-parenting-conflicts",
    "title": "Step-Parenting Conflicts",
    "tags": [
      "consistency",
      "roles",
      "communication"
    ],
    "difficulty": "normal",
    "meters": {
      "trust": 50,
      "tension": 20,
      "childStress": 10
    },
    "acts": 3
  },
  {
    "id": "cultural-or-religious-difference",
    "title": "Cultural or Religious Difference",
    "tags": [
      "traditions",
      "respect",
      "planning"
    ],
    "difficulty": "normal",
    "meters": {
      "trust": 50,
      "tension": 20,
      "childStress": 10
    },
    "acts": 3
  },
  {
    "id": "lgbtq-relationship-challenges",
    "title": "LGBTQ+ Relationship Challenges",
    "tags": [
      "identity",
      "family-dynamics",
      "communication"
    ],
    "difficulty": "normal",
    "meters": {
      "trust": 50,
      "tension": 20,
      "childStress": 10
    },
    "acts": 3
  }
]